"Data Source","Indicadores del desarrollo mundial",

"Last Updated Date","2022-06-30",

"Country Name","Country Code","Indicator Name","Indicator Code","1960","1961","1962","1963","1964","1965","1966","1967","1968","1969","1970","1971","1972","1973","1974","1975","1976","1977","1978","1979","1980","1981","1982","1983","1984","1985","1986","1987","1988","1989","1990","1991","1992","1993","1994","1995","1996","1997","1998","1999","2000","2001","2002","2003","2004","2005","2006","2007","2008","2009","2010","2011","2012","2013","2014","2015","2016","2017","2018","2019","2020","2021",
"Aruba","ABW","Precio de la gasolina para el usuario (US$ por litro)","EP.PMP.SGAS.CD","","","","","","","","","","","","","","","","","","","","","","","","","","","","","","","","","","","","","","","","","","","","","","","","","","","","","","","","","","","","","","",
"","AFE","Precio de la gasolina para el usuario (US$ por litro)","EP.PMP.SGAS.CD","","","","","","","","","","","","","","","","","","","","","","","","","","","","","","","","0.58","0.51","","","0.52","","","0.45","","0.56","","0.52","","0.88","","1.04","","1.215","","1.285","","1.47","","1.375","","0.95","","","","","",
"Afganistán","AFG","Precio de la gasolina para el usuario (US$ por litro)","EP.PMP.SGAS.CD","","","","","","","","","","","","","","","","","","","","","","","","","","","","","","","","","","","","","","","","","","","0.34","","0.53","","0.68","","1.05","","1.15","","1.28","","1.07","","0.7","","","","","",
"","AFW","Precio de la gasolina para el usuario (US$ por litro)","EP.PMP.SGAS.CD","","","","","","","","","","","","","","","","","","","","","","","","","","","","","","","","0.86","0.85","","","0.795","","","0.68","","0.64","","0.685","","0.885","","1.03","","1.085","","1.19","","1.17","","1.245","","0.95","","","","","",
"Angola","AGO","Precio de la gasolina para el usuario (US$ por litro)","EP.PMP.SGAS.CD","","","","","","","","","","","","","","","","","","","","","","","","","","","","","","","","","","","","","","","0.38","","0.3","","0.19","","0.39","","0.5","","0.53","","0.65","","0.63","","0.76","","0.97","","","","","",
"Albania","ALB","Precio de la gasolina para el usuario (US$ por litro)","EP.PMP.SGAS.CD","","","","","","","","","","","","","","","","","","","","","","","","","","","","","","","","","","","","","","","0.86","","0.57","","0.8","","1.23","","1.44","","1.36","","1.46","","1.81","","1.76","","1.36","","","","","",
"Andorra","AND","Precio de la gasolina para el usuario (US$ por litro)","EP.PMP.SGAS.CD","","","","","","","","","","","","","","","","","","","","","","","","","","","","","","","","","","","","","","","","","","","","","","","","","1.24","","1.49","","1.67","","1.51","","","","","","","",
"El mundo árabe","ARB","Precio de la gasolina para el usuario (US$ por litro)","EP.PMP.SGAS.CD","","","","","","","","","","","","","","","","","","","","","","","","","","","","","","","","","","","","","","","0.31","","0.28","","0.295","","0.32","","0.37","","0.49","","0.55","","0.58","","0.825","","0.67","","","","","",
"Emiratos Árabes Unidos","ARE","Precio de la gasolina para el usuario (US$ por litro)","EP.PMP.SGAS.CD","","","","","","","","","","","","","","","","","","","","","","","","","","","","","","","","","","","","","","","0.23","","0.25","","0.29","","0.28","","0.37","","0.45","","0.47","","0.47","","0.47","","0.49","","","","","",
"Argentina","ARG","Precio de la gasolina para el usuario (US$ por litro)","EP.PMP.SGAS.CD","","","","","","","","","","","","","","","","","","","","","","","","","","","","","","","","","0.79","","","0.6","","","0.94","","1.07","","0.63","","0.63","","0.62","","0.78","","0.96","","1.46","","1.52","","1.1","","","","","",
"Armenia","ARM","Precio de la gasolina para el usuario (US$ por litro)","EP.PMP.SGAS.CD","","","","","","","","","","","","","","","","","","","","","","","","","","","","","","","","","","","","","","","0.49","","0.55","","0.42","","0.68","","0.96","","1.08","","1.08","","1.25","","1.3","","0.77","","","","","",
"Samoa Americana","ASM","Precio de la gasolina para el usuario (US$ por litro)","EP.PMP.SGAS.CD","","","","","","","","","","","","","","","","","","","","","","","","","","","","","","","","","","","","","","","","","","","","","","","","","","","","","","","","","","","","","","",
"Antigua y Barbuda","ATG","Precio de la gasolina para el usuario (US$ por litro)","EP.PMP.SGAS.CD","","","","","","","","","","","","","","","","","","","","","","","","","","","","","","","","","","","","","","","","","0.56","","","","0.68","","0.97","","1.11","","0.99","","","","","","","","","","","",
"Australia","AUS","Precio de la gasolina para el usuario (US$ por litro)","EP.PMP.SGAS.CD","","","","","","","","","","","","","","","","","","","","","","","","","","","","","","","","","","","","","","","0.46","","0.57","","0.5","","0.85","","0.93","","0.74","","1.27","","1.39","","1.23","","0.93","","","","","",
"Austria","AUT","Precio de la gasolina para el usuario (US$ por litro)","EP.PMP.SGAS.CD","","","","","","","","","","","","","","","","","","","","","","","","","","","","","","","","","","","","1.15","","","1.04","","0.82","","0.84","","1.32","","1.32","","1.37","","1.63","","1.81","","1.6","","1.2","","","","","",
"Azerbaiyán","AZE","Precio de la gasolina para el usuario (US$ por litro)","EP.PMP.SGAS.CD","","","","","","","","","","","","","","","","","","","","","","","","","","","","","","","","","","","","","","","0.46","","0.39","","0.37","","0.41","","0.46","","0.74","","0.75","","0.76","","1.21","","0.56","","","","","",
"Burundi","BDI","Precio de la gasolina para el usuario (US$ por litro)","EP.PMP.SGAS.CD","","","","","","","","","","","","","","","","","","","","","","","","","","","","","","","","0.63","0.59","","","0.52","","","0.72","","1.01","","0.58","","1.04","","1.2","","1.39","","1.43","","1.47","","1.53","","1.21","","","","","",
"Bélgica","BEL","Precio de la gasolina para el usuario (US$ por litro)","EP.PMP.SGAS.CD","","","","","","","","","","","","","","","","","","","","","","","","","","","","","","","","","","","","1.18","","","1.12","","0.96","","1.04","","1.5","","1.63","","1.5","","1.87","","2.09","","1.9","","1.43","","","","","",
"Benin","BEN","Precio de la gasolina para el usuario (US$ por litro)","EP.PMP.SGAS.CD","","","","","","","","","","","","","","","","","","","","","","","","","","","","","","","","0.63","0.62","","","0.36","","","0.39","","0.48","","0.54","","0.77","","0.81","","1.03","","1.04","","1.24","","1.03","","0.72","","","","","",
"Burkina Faso","BFA","Precio de la gasolina para el usuario (US$ por litro)","EP.PMP.SGAS.CD","","","","","","","","","","","","","","","","","","","","","","","","","","","","","","","","1.03","1","","","0.81","","","0.68","","0.68","","0.83","","1.18","","1.15","","1.38","","1.44","","1.43","","1.4","","0.98","","","","","",
"Bangladesh","BGD","Precio de la gasolina para el usuario (US$ por litro)","EP.PMP.SGAS.CD","","","","","","","","","","","","","","","","","","","","","","","","","","","","","","","","","","","","0.36","","","0.47","","0.46","","0.52","","0.59","","0.79","","1.17","","1.09","","1.15","","1.3","","1.12","","","","","",
"Bulgaria","BGR","Precio de la gasolina para el usuario (US$ por litro)","EP.PMP.SGAS.CD","","","","","","","","","","","","","","","","","","","","","","","","","","","","","","","","","","","","0.46","","","0.66","","0.7","","0.68","","0.92","","1.05","","1.28","","1.51","","1.69","","1.49","","1.11","","","","","",
"Bahrein","BHR","Precio de la gasolina para el usuario (US$ por litro)","EP.PMP.SGAS.CD","","","","","","","","","","","","","","","","","","","","","","","","","","","","","","","","","","","","","","","0.26","","0.27","","0.27","","0.27","","0.21","","0.21","","0.21","","0.27","","","","0.43","","","","","",
"Bahamas","BHS","Precio de la gasolina para el usuario (US$ por litro)","EP.PMP.SGAS.CD","","","","","","","","","","","","","","","","","","","","","","","","","","","","","","","","","","","","","","","","","","","","","","","","","","","","","","","1.05","","0.92","","","","","",
"Bosnia y Herzegovina","BIH","Precio de la gasolina para el usuario (US$ por litro)","EP.PMP.SGAS.CD","","","","","","","","","","","","","","","","","","","","","","","","","","","","","","","","","","","","","","","0.66","","0.68","","0.74","","0.97","","1.34","","1.13","","1.42","","1.59","","1.51","","1.05","","","","","",
"Belarús","BLR","Precio de la gasolina para el usuario (US$ por litro)","EP.PMP.SGAS.CD","","","","","","","","","","","","","","","","","","","","","","","","","","","","","","","","","","","","","","","0.34","","0.55","","0.5","","0.62","","0.79","","1.33","","1.08","","0.88","","1.06","","0.6","","","","","",
"Belice","BLZ","Precio de la gasolina para el usuario (US$ por litro)","EP.PMP.SGAS.CD","","","","","","","","","","","","","","","","","","","","","","","","","","","","","","","","","","","","","","","","","","","","","1.2","","1.27","","0.7","","1.13","","1.44","","1.37","","1.13","","","","","",
"Bermudas","BMU","Precio de la gasolina para el usuario (US$ por litro)","EP.PMP.SGAS.CD","","","","","","","","","","","","","","","","","","","","","","","","","","","","","","","","","","","","","","","","","","","","","","","","","","","","","","","","","","","","","","",
"Bolivia","BOL","Precio de la gasolina para el usuario (US$ por litro)","EP.PMP.SGAS.CD","","","","","","","","","","","","","","","","","","","","","","","","","","","","","","","","","0.43","","","0.38","","","0.53","","0.8","","0.69","","0.54","","0.54","","0.68","","0.7","","0.7","","0.7","","0.71","","","","","",
"Brasil","BRA","Precio de la gasolina para el usuario (US$ por litro)","EP.PMP.SGAS.CD","","","","","","","","","","","","","","","","","","","","","","","","","","","","","","","","","0.53","","","0.63","","","0.8","","0.92","","0.55","","0.84","","1.26","","1.26","","1.58","","1.39","","1.27","","1.02","","","","","",
"Barbados","BRB","Precio de la gasolina para el usuario (US$ por litro)","EP.PMP.SGAS.CD","","","","","","","","","","","","","","","","","","","","","","","","","","","","","","","","","","","","","","","0.72","","0.95","","0.66","","0.82","","1.11","","1","","1.25","","","","1.81","","","","","","","",
"Brunei Darussalam","BRN","Precio de la gasolina para el usuario (US$ por litro)","EP.PMP.SGAS.CD","","","","","","","","","","","","","","","","","","","","","","","","","","","","","","","","","","","","","","","0.34","","0.31","","0.3","","0.32","","0.34","","0.38","","0.39","","0.43","","0.41","","0.37","","","","","",
"Bhután","BTN","Precio de la gasolina para el usuario (US$ por litro)","EP.PMP.SGAS.CD","","","","","","","","","","","","","","","","","","","","","","","","","","","","","","","","","","","","","","","0.59","","0.58","","","","0.78","","","","0.91","","1.08","","1.19","","1.04","","0.98","","","","","",
"Botswana","BWA","Precio de la gasolina para el usuario (US$ por litro)","EP.PMP.SGAS.CD","","","","","","","","","","","","","","","","","","","","","","","","","","","","","","","","0.68","0.41","","","0.38","","","0.31","","0.42","","0.41","","0.66","","0.78","","0.88","","0.93","","1.23","","1.06","","0.71","","","","","",
"República Centroafricana","CAF","Precio de la gasolina para el usuario (US$ por litro)","EP.PMP.SGAS.CD","","","","","","","","","","","","","","","","","","","","","","","","","","","","","","","","1.33","1.28","","","0.82","","","0.81","","","","1","","1.29","","1.37","","1.44","","1.71","","1.71","","1.69","","1.41","","","","","",
"Canadá","CAN","Precio de la gasolina para el usuario (US$ por litro)","EP.PMP.SGAS.CD","","","","","","","","","","","","","","","","","","","","","","","","","","","","","","","","","0.47","","","0.45","","","0.41","","0.58","","0.51","","0.68","","0.84","","0.76","","1.21","","1.32","","1.17","","0.81","","","","","",
"Europa Central y del Báltico","CEB","Precio de la gasolina para el usuario (US$ por litro)","EP.PMP.SGAS.CD","","","","","","","","","","","","","","","","","","","","","","","","","","","","","","","","","","","","0.55","","","0.61","","0.69","","0.74","","1.08","","1.26","","1.27","","1.59","","1.8","","1.58","","1.16","","","","","",
"Suiza","CHE","Precio de la gasolina para el usuario (US$ por litro)","EP.PMP.SGAS.CD","","","","","","","","","","","","","","","","","","","","","","","","","","","","","","","","","","","","1.02","","","0.86","","0.78","","0.89","","1.29","","1.27","","1.3","","1.66","","1.88","","1.74","","1.45","","","","","",
"Islas del Canal","CHI","Precio de la gasolina para el usuario (US$ por litro)","EP.PMP.SGAS.CD","","","","","","","","","","","","","","","","","","","","","","","","","","","","","","","","","","","","","","","","","","","","","","","","","","","","","","","","","","","","","","",
"Chile","CHL","Precio de la gasolina para el usuario (US$ por litro)","EP.PMP.SGAS.CD","","","","","","","","","","","","","","","","","","","","","","","","","","","","","","","","","0.43","","","0.53","","","0.49","","0.64","","0.58","","0.85","","1.09","","0.95","","1.38","","1.56","","1.52","","1.03","","","","","",
"China","CHN","Precio de la gasolina para el usuario (US$ por litro)","EP.PMP.SGAS.CD","","","","","","","","","","","","","","","","","","","","","","","","","","","","","","","","","","","","0.27","","","0.28","","0.4","","0.42","","0.48","","0.69","","0.99","","1.11","","1.37","","1.17","","0.96","","","","","",
"Côte d'Ivoire","CIV","Precio de la gasolina para el usuario (US$ por litro)","EP.PMP.SGAS.CD","","","","","","","","","","","","","","","","","","","","","","","","","","","","","","","","1.24","1.23","","","0.83","","","0.74","","0.76","","0.85","","1.14","","1.2","","1.33","","1.68","","1.51","","1.42","","0.93","","","","","",
"Camerún","CMR","Precio de la gasolina para el usuario (US$ por litro)","EP.PMP.SGAS.CD","","","","","","","","","","","","","","","","","","","","","","","","","","","","","","","","0.68","0.69","","","0.68","","","0.64","","0.56","","0.68","","0.95","","1.14","","1.14","","1.2","","1.1","","1.24","","1.03","","","","","",
"Congo, República Democrática del","COD","Precio de la gasolina para el usuario (US$ por litro)","EP.PMP.SGAS.CD","","","","","","","","","","","","","","","","","","","","","","","","","","","","","","","","0.81","0.74","","","0.73","","","0.5","","1","","0.7","","0.92","","0.94","","1.23","","1.28","","1.48","","1.68","","1.49","","","","","",
"Congo, República del","COG","Precio de la gasolina para el usuario (US$ por litro)","EP.PMP.SGAS.CD","","","","","","","","","","","","","","","","","","","","","","","","","","","","","","","","1.05","","","","","","","0.72","","0.53","","0.69","","0.87","","0.96","","0.81","","1.27","","1.15","","1.13","","0.97","","","","","",
"Colombia","COL","Precio de la gasolina para el usuario (US$ por litro)","EP.PMP.SGAS.CD","","","","","","","","","","","","","","","","","","","","","","","","","","","","","","","","","0.23","","","0.35","","","0.24","","0.49","","0.44","","0.72","","0.98","","1.04","","1.41","","1.28","","1.08","","0.68","","","","","",
"Comoras","COM","Precio de la gasolina para el usuario (US$ por litro)","EP.PMP.SGAS.CD","","","","","","","","","","","","","","","","","","","","","","","","","","","","","","","","","","","","","","","","","","","","","","","","","","","","","","","","","","","","","","",
"Cabo Verde","CPV","Precio de la gasolina para el usuario (US$ por litro)","EP.PMP.SGAS.CD","","","","","","","","","","","","","","","","","","","","","","","","","","","","","","","","0.68","","","","","","","0.81","","0.59","","","","1.4","","","","1.84","","1.84","","2.3","","1.56","","1.02","","","","","",
"Costa Rica","CRI","Precio de la gasolina para el usuario (US$ por litro)","EP.PMP.SGAS.CD","","","","","","","","","","","","","","","","","","","","","","","","","","","","","","","","","","","","","","","","","","","0.64","","0.78","","0.98","","1.24","","1.14","","1.57","","1.44","","0.98","","","","","",
"Estados pequeos del Caribe","CSS","Precio de la gasolina para el usuario (US$ por litro)","EP.PMP.SGAS.CD","","","","","","","","","","","","","","","","","","","","","","","","","","","","","","","","","","","","","","","","","0.56","","","","0.705","","0.94","","0.875","","1.02","","","","1.29","","","","","","","",
"Cuba","CUB","Precio de la gasolina para el usuario (US$ por litro)","EP.PMP.SGAS.CD","","","","","","","","","","","","","","","","","","","","","","","","","","","","","","","","","","","","","","","0.5","","","","0.9","","0.95","","1.1","","1.67","","1.72","","1.4","","1.4","","","","","","","",
"Curacao","CUW","Precio de la gasolina para el usuario (US$ por litro)","EP.PMP.SGAS.CD","","","","","","","","","","","","","","","","","","","","","","","","","","","","","","","","","","","","","","","","","","","","","","","","","","","","","","","","","","","","","","",
"Islas Caimán","CYM","Precio de la gasolina para el usuario (US$ por litro)","EP.PMP.SGAS.CD","","","","","","","","","","","","","","","","","","","","","","","","","","","","","","","","","","","","","","","","","","","","","","","","","","","","","","","","","","","","","","",
"Chipre","CYP","Precio de la gasolina para el usuario (US$ por litro)","EP.PMP.SGAS.CD","","","","","","","","","","","","","","","","","","","","","","","","","","","","","","","","","","","","","","","0.78","","0.57","","0.83","","1.08","","1.25","","1.28","","1.47","","1.77","","1.61","","1.23","","","","","",
"República Checa","CZE","Precio de la gasolina para el usuario (US$ por litro)","EP.PMP.SGAS.CD","","","","","","","","","","","","","","","","","","","","","","","","","","","","","","","","","","","","0.85","","","0.72","","0.77","","0.81","","1.08","","1.3","","1.37","","1.75","","1.93","","1.67","","1.17","","","","","",
"Alemania","DEU","Precio de la gasolina para el usuario (US$ por litro)","EP.PMP.SGAS.CD","","","","","","","","","","","","","","","","","","","","","","","","","","","","","","","","","","","","1.12","","","0.96","","0.91","","1.03","","1.46","","1.55","","1.56","","1.9","","1.96","","1.8","","1.39","","","","","",
"Djibouti","DJI","Precio de la gasolina para el usuario (US$ por litro)","EP.PMP.SGAS.CD","","","","","","","","","","","","","","","","","","","","","","","","","","","","","","","","","","","","","","","","","","","","","","","","","","","1.63","","1.75","","1.41","","1.32","","","","","",
"Dominica","DMA","Precio de la gasolina para el usuario (US$ por litro)","EP.PMP.SGAS.CD","","","","","","","","","","","","","","","","","","","","","","","","","","","","","","","","","","","","","","","","","","","","","","","","","","","","","","","","","","","","","","",
"Dinamarca","DNK","Precio de la gasolina para el usuario (US$ por litro)","EP.PMP.SGAS.CD","","","","","","","","","","","","","","","","","","","","","","","","","","","","","","","","","","","","1.08","","","1.05","","1.01","","1.09","","1.51","","1.58","","1.54","","2","","2.02","","2.01","","1.55","","","","","",
"República Dominicana","DOM","Precio de la gasolina para el usuario (US$ por litro)","EP.PMP.SGAS.CD","","","","","","","","","","","","","","","","","","","","","","","","","","","","","","","","","","","","0.4","","","0.4","","0.71","","0.49","","0.85","","1.03","","1.04","","1.23","","1.58","","1.41","","1.07","","","","","",
"Argelia","DZA","Precio de la gasolina para el usuario (US$ por litro)","EP.PMP.SGAS.CD","","","","","","","","","","","","","","","","","","","","","","","","","","","","","","","","0.15","0.2","","","0.4","","","0.31","","0.27","","0.22","","0.32","","0.32","","0.34","","0.32","","0.29","","0.27","","0.28","","","","","",
"Asia oriental y el Pacífico (excluido altos ingresos)","EAP","Precio de la gasolina para el usuario (US$ por litro)","EP.PMP.SGAS.CD","","","","","","","","","","","","","","","","","","","","","","","","","","","","","","","","","","","","","","","0.31","","0.385","","","","0.54","","0.71","","0.915","","1.08","","1.31","","1.17","","0.82","","","","","",
"inicial del dividendo demográfico","EAR","Precio de la gasolina para el usuario (US$ por litro)","EP.PMP.SGAS.CD","","","","","","","","","","","","","","","","","","","","","","","","","","","","","","","","","","","","","","","0.41","","0.53","","0.515","","0.625","","0.8","","0.87","","1.02","","1.24","","1.14","","0.91","","","","","",
"Asia oriental y el Pacífico","EAS","Precio de la gasolina para el usuario (US$ por litro)","EP.PMP.SGAS.CD","","","","","","","","","","","","","","","","","","","","","","","","","","","","","","","","","","","","","","","0.41","","0.445","","0.42","","0.68","","0.87","","0.94","","1.205","","1.36","","1.23","","0.9","","","","","",
"Europa y Asia central (excluido altos ingresos)","ECA","Precio de la gasolina para el usuario (US$ por litro)","EP.PMP.SGAS.CD","","","","","","","","","","","","","","","","","","","","","","","","","","","","","","","","","","","","","","","0.49","","0.55","","0.48","","0.68","","0.86","","1.115","","1.105","","1.385","","1.27","","0.815","","","","","",
"Europa y Asia central","ECS","Precio de la gasolina para el usuario (US$ por litro)","EP.PMP.SGAS.CD","","","","","","","","","","","","","","","","","","","","","","","","","","","","","","","","","","","","0.84","","","0.67","","0.72","","0.8","","1.17","","1.29","","1.28","","1.59","","1.805","","1.6","","1.18","","","","","",
"Ecuador","ECU","Precio de la gasolina para el usuario (US$ por litro)","EP.PMP.SGAS.CD","","","","","","","","","","","","","","","","","","","","","","","","","","","","","","","","","0.31","","","0.33","","","0.38","","0.31","","0.55","","0.54","","0.47","","0.51","","0.53","","0.58","","0.6","","0.61","","","","","",
"Egipto, República Árabe de","EGY","Precio de la gasolina para el usuario (US$ por litro)","EP.PMP.SGAS.CD","","","","","","","","","","","","","","","","","","","","","","","","","","","","","","","","0.29","0.3","","","0.29","","","0.29","","0.26","","0.19","","0.28","","0.3","","0.49","","0.48","","0.45","","0.88","","0.4","","","","","",
"Zona del Euro","EMU","Precio de la gasolina para el usuario (US$ por litro)","EP.PMP.SGAS.CD","","","","","","","","","","","","","","","","","","","","","","","","","","","","","","","","","","","","0.925","","","0.84","","0.75","","0.84","","1.21","","1.34","","1.5","","1.7","","1.92","","1.79","","1.36","","","","","",
"Eritrea","ERI","Precio de la gasolina para el usuario (US$ por litro)","EP.PMP.SGAS.CD","","","","","","","","","","","","","","","","","","","","","","","","","","","","","","","","","0.5","","","0.4","","","0.37","","0.56","","0.36","","0.8","","1.9","","2.53","","2.54","","2.49","","3.33","","2","","","","","",
"España","ESP","Precio de la gasolina para el usuario (US$ por litro)","EP.PMP.SGAS.CD","","","","","","","","","","","","","","","","","","","","","","","","","","","","","","","","","","","","0.89","","","0.84","","0.73","","0.83","","1.21","","1.15","","1.23","","1.56","","1.75","","1.63","","1.26","","","","","",
"Estonia","EST","Precio de la gasolina para el usuario (US$ por litro)","EP.PMP.SGAS.CD","","","","","","","","","","","","","","","","","","","","","","","","","","","","","","","","","","","","0.33","","","0.45","","0.6","","0.58","","0.94","","1.23","","1.18","","1.54","","1.76","","1.46","","1.14","","","","","",
"Etiopía","ETH","Precio de la gasolina para el usuario (US$ por litro)","EP.PMP.SGAS.CD","","","","","","","","","","","","","","","","","","","","","","","","","","","","","","","","0.27","0.26","","","0.32","","","0.36","","0.46","","0.52","","0.6","","0.93","","0.92","","0.91","","1.05","","0.99","","0.75","","","","","",
"Unión Europea","EUU","Precio de la gasolina para el usuario (US$ por litro)","EP.PMP.SGAS.CD","","","","","","","","","","","","","","","","","","","","","","","","","","","","","","","","","","","","0.865","","","0.78","","0.76","","0.84","","1.21","","1.32","","1.38","","1.67","","1.91","","1.77","","1.32","","","","","",
"Frágiles y situaciones de conflicto afectados","FCS","Precio de la gasolina para el usuario (US$ por litro)","EP.PMP.SGAS.CD","","","","","","","","","","","","","","","","","","","","","","","","","","","","","","","","","","","","","","","0.49","","0.555","","0.525","","0.835","","0.96","","1.1","","1.15","","1.25","","1.21","","0.9","","","","","",
"Finlandia","FIN","Precio de la gasolina para el usuario (US$ por litro)","EP.PMP.SGAS.CD","","","","","","","","","","","","","","","","","","","","","","","","","","","","","","","","","","","","1.2","","","1.17","","1.06","","1.12","","1.54","","1.55","","1.57","","1.94","","2.08","","1.89","","1.45","","","","","",
"Fiji","FJI","Precio de la gasolina para el usuario (US$ por litro)","EP.PMP.SGAS.CD","","","","","","","","","","","","","","","","","","","","","","","","","","","","","","","","","","","","","","","0.5","","","","","","0.91","","1.07","","1.15","","","","1.41","","1.34","","0.82","","","","","",
"Francia","FRA","Precio de la gasolina para el usuario (US$ por litro)","EP.PMP.SGAS.CD","","","","","","","","","","","","","","","","","","","","","","","","","","","","","","","","","","","","1.17","","","1.11","","0.99","","1.05","","1.42","","1.48","","1.52","","1.98","","1.91","","1.79","","1.39","","","","","",
"Islas Feroe","FRO","Precio de la gasolina para el usuario (US$ por litro)","EP.PMP.SGAS.CD","","","","","","","","","","","","","","","","","","","","","","","","","","","","","","","","","","","","","","","","","","","","","","","","","","","","","","","","","","","","","","",
"Micronesia (Estados Federados de)","FSM","Precio de la gasolina para el usuario (US$ por litro)","EP.PMP.SGAS.CD","","","","","","","","","","","","","","","","","","","","","","","","","","","","","","","","","","","","","","","","","","","","","","","","","","","","","","","","","","","","","","",
"Gabón","GAB","Precio de la gasolina para el usuario (US$ por litro)","EP.PMP.SGAS.CD","","","","","","","","","","","","","","","","","","","","","","","","","","","","","","","","1.18","1.16","","","","","","0.63","","0.53","","0.69","","0.9","","0.64","","1.14","","","","1.04","","1.02","","0.92","","","","","",
"Reino Unido","GBR","Precio de la gasolina para el usuario (US$ por litro)","EP.PMP.SGAS.CD","","","","","","","","","","","","","","","","","","","","","","","","","","","","","","","","","","","","0.92","","","1.11","","1.17","","1.18","","1.56","","1.63","","1.44","","1.92","","2.17","","1.92","","1.46","","","","","",
"Georgia","GEO","Precio de la gasolina para el usuario (US$ por litro)","EP.PMP.SGAS.CD","","","","","","","","","","","","","","","","","","","","","","","","","","","","","","","","","","","","","","","0.46","","","","0.48","","0.73","","0.86","","1.09","","1.13","","1.34","","1.24","","0.76","","","","","",
"Ghana","GHA","Precio de la gasolina para el usuario (US$ por litro)","EP.PMP.SGAS.CD","","","","","","","","","","","","","","","","","","","","","","","","","","","","","","","","0.53","0.53","","","0.38","","","0.32","","0.2","","0.28","","0.49","","0.86","","0.9","","0.82","","0.92","","1.06","","0.92","","","","","",
"Gibraltar","GIB","Precio de la gasolina para el usuario (US$ por litro)","EP.PMP.SGAS.CD","","","","","","","","","","","","","","","","","","","","","","","","","","","","","","","","","","","","","","","","","","","","","","","","","","","","","","","","","","","","","","",
"Guinea","GIN","Precio de la gasolina para el usuario (US$ por litro)","EP.PMP.SGAS.CD","","","","","","","","","","","","","","","","","","","","","","","","","","","","","","","","0.67","0.61","","","","","","0.68","","0.85","","0.66","","0.75","","0.79","","1.02","","0.95","","1.34","","1.45","","0.9","","","","","",
"Gambia","GMB","Precio de la gasolina para el usuario (US$ por litro)","EP.PMP.SGAS.CD","","","","","","","","","","","","","","","","","","","","","","","","","","","","","","","","0.73","0.67","","","","","","0.83","","0.64","","0.46","","0.75","","1.08","","0.79","","","","","","1.37","","1.18","","","","","",
"Guinea-Bissau","GNB","Precio de la gasolina para el usuario (US$ por litro)","EP.PMP.SGAS.CD","","","","","","","","","","","","","","","","","","","","","","","","","","","","","","","","","","","","","","","","","","","","","","","","","","","","","","","","","","","","","","",
"Guinea Ecuatorial","GNQ","Precio de la gasolina para el usuario (US$ por litro)","EP.PMP.SGAS.CD","","","","","","","","","","","","","","","","","","","","","","","","","","","","","","","","","","","","","","","","","","","","","","","","","","","","","","","","","","","","","","",
"Grecia","GRC","Precio de la gasolina para el usuario (US$ por litro)","EP.PMP.SGAS.CD","","","","","","","","","","","","","","","","","","","","","","","","","","","","","","","","","","","","0.88","","","0.65","","0.72","","0.78","","1.14","","1.16","","1.23","","2.05","","2.06","","1.98","","1.54","","","","","",
"Granada","GRD","Precio de la gasolina para el usuario (US$ por litro)","EP.PMP.SGAS.CD","","","","","","","","","","","","","","","","","","","","","","","","","","","","","","","","","","","","","","","0.54","","0.54","","0.54","","0.73","","0.89","","1.28","","1.02","","1.4","","","","1.12","","","","","",
"Groenlandia","GRL","Precio de la gasolina para el usuario (US$ por litro)","EP.PMP.SGAS.CD","","","","","","","","","","","","","","","","","","","","","","","","","","","","","","","","","","","","","","","","","","","","","","","","","","","","","","","","","","","","","","",
"Guatemala","GTM","Precio de la gasolina para el usuario (US$ por litro)","EP.PMP.SGAS.CD","","","","","","","","","","","","","","","","","","","","","","","","","","","","","","","","","0.32","","","0.39","","","0.41","","0.53","","0.48","","0.68","","0.78","","0.86","","0.95","","1.14","","1.01","","0.79","","","","","",
"Guam","GUM","Precio de la gasolina para el usuario (US$ por litro)","EP.PMP.SGAS.CD","","","","","","","","","","","","","","","","","","","","","","","","","","","","","","","","","","","","","","","","","","","","","","","","","","","","","","","","","","","","","","",
"Guyana","GUY","Precio de la gasolina para el usuario (US$ por litro)","EP.PMP.SGAS.CD","","","","","","","","","","","","","","","","","","","","","","","","","","","","","","","","","","","","","","","0.3","","0.37","","0.31","","0.74","","","","0.84","","0.93","","1.08","","1.15","","0.9","","","","","",
"Ingreso alto","HIC","Precio de la gasolina para el usuario (US$ por litro)","EP.PMP.SGAS.CD","","","","","","","","","","","","","","","","","","","","","","","","","","","","","","","","","","","","","","","0.72","","0.76","","0.83","","1.135","","1.26","","1.27","","1.59","","1.83","","1.645","","1.225","","","","","",
"Hong Kong, Región Administrativa Especial","HKG","Precio de la gasolina para el usuario (US$ por litro)","EP.PMP.SGAS.CD","","","","","","","","","","","","","","","","","","","","","","","","","","","","","","","","0.82","","","","1.19","","","1.36","","1.46","","1.47","","1.54","","1.69","","1.95","","1.92","","2.16","","2.06","","1.86","","","","","",
"Honduras","HND","Precio de la gasolina para el usuario (US$ por litro)","EP.PMP.SGAS.CD","","","","","","","","","","","","","","","","","","","","","","","","","","","","","","","","","0.41","","","0.35","","","0.5","","0.62","","0.63","","0.81","","0.89","","0.8","","1.04","","1.25","","1.2","","0.98","","","","","",
"Países pobres muy endeudados (PPME)","HPC","Precio de la gasolina para el usuario (US$ por litro)","EP.PMP.SGAS.CD","","","","","","","","","","","","","","","","","","","","","","","","","","","","","","","","0.73","0.69","","","0.6","","","0.59","","0.675","","0.66","","0.88","","1.06","","1.13","","1.2","","1.28","","1.29","","0.96","","","","","",
"Croacia","HRV","Precio de la gasolina para el usuario (US$ por litro)","EP.PMP.SGAS.CD","","","","","","","","","","","","","","","","","","","","","","","","","","","","","","","","","","","","0.75","","","0.67","","0.76","","0.89","","1.24","","1.34","","1.27","","1.59","","1.77","","1.66","","1.26","","","","","",
"Haití","HTI","Precio de la gasolina para el usuario (US$ por litro)","EP.PMP.SGAS.CD","","","","","","","","","","","","","","","","","","","","","","","","","","","","","","","","","","","","","","","0.59","","0.64","","0.54","","0.88","","","","1.16","","","","1.25","","1.16","","0.81","","","","","",
"Hungría","HUN","Precio de la gasolina para el usuario (US$ por litro)","EP.PMP.SGAS.CD","","","","","","","","","","","","","","","","","","","","","","","","","","","","","","","","","","","","0.74","","","0.72","","0.81","","0.94","","1.3","","1.3","","1.27","","1.67","","1.84","","1.58","","1.18","","","","","",
"Sólo BIRF","IBD","Precio de la gasolina para el usuario (US$ por litro)","EP.PMP.SGAS.CD","","","","","","","","","","","","","","","","","","","","","","","","","","","","","","","","","","","","0.43","","","0.42","","0.53","","0.49","","0.67","","0.825","","0.91","","1.095","","1.29","","1.17","","0.83","","","","","",
"BIRF y la AIF","IBT","Precio de la gasolina para el usuario (US$ por litro)","EP.PMP.SGAS.CD","","","","","","","","","","","","","","","","","","","","","","","","","","","","","","","","","","","","","","","0.47","","0.555","","0.53","","0.73","","0.89","","1.03","","1.12","","1.295","","1.24","","0.92","","","","","",
"total de la AIF","IDA","Precio de la gasolina para el usuario (US$ por litro)","EP.PMP.SGAS.CD","","","","","","","","","","","","","","","","","","","","","","","","","","","","","","","","","","","","","","","0.51","","0.58","","0.55","","0.8","","0.98","","1.115","","1.155","","1.32","","1.305","","0.95","","","","","",
"mezcla de la AIF","IDB","Precio de la gasolina para el usuario (US$ por litro)","EP.PMP.SGAS.CD","","","","","","","","","","","","","","","","","","","","","","","","","","","","","","","","","","","","","","","0.5","","0.535","","0.53","","0.8","","0.98","","1.175","","1.235","","1.37","","1.225","","1.02","","","","","",
"Indonesia","IDN","Precio de la gasolina para el usuario (US$ por litro)","EP.PMP.SGAS.CD","","","","","","","","","","","","","","","","","","","","","","","","","","","","","","","","0.24","","","","0.44","","","0.16","","0.17","","0.27","","0.27","","0.57","","0.5","","0.79","","0.47","","0.93","","0.63","","","","","",
"Sólo AIF","IDX","Precio de la gasolina para el usuario (US$ por litro)","EP.PMP.SGAS.CD","","","","","","","","","","","","","","","","","","","","","","","","","","","","","","","","","","","","","","","0.52","","0.62","","0.57","","0.8","","0.98","","1.075","","1.15","","1.31","","1.33","","0.93","","","","","",
"Isla de Man","IMN","Precio de la gasolina para el usuario (US$ por litro)","EP.PMP.SGAS.CD","","","","","","","","","","","","","","","","","","","","","","","","","","","","","","","","","","","","","","","","","","","","","","","","","","","","","","","","","","","","","","",
"India","IND","Precio de la gasolina para el usuario (US$ por litro)","EP.PMP.SGAS.CD","","","","","","","","","","","","","","","","","","","","","","","","","","","","","","","","0.56","","","","0.48","","","0.56","","0.6","","0.66","","0.87","","1.01","","1.09","","1.15","","1.25","","1.1","","0.97","","","","","",
"No clasificado","INX","Precio de la gasolina para el usuario (US$ por litro)","EP.PMP.SGAS.CD","","","","","","","","","","","","","","","","","","","","","","","","","","","","","","","","","","","","","","","","","","","","","","","","","","","","","","","","","","","","","","",
"Irlanda","IRL","Precio de la gasolina para el usuario (US$ por litro)","EP.PMP.SGAS.CD","","","","","","","","","","","","","","","","","","","","","","","","","","","","","","","","","","","","0.96","","","1.02","","0.72","","0.9","","1.29","","1.34","","1.56","","1.78","","2.02","","1.92","","1.37","","","","","",
"Irán, República Islámica del","IRN","Precio de la gasolina para el usuario (US$ por litro)","EP.PMP.SGAS.CD","","","","","","","","","","","","","","","","","","","","","","","","","","","","","","","","","","","","","","","0.08","","0.05","","0.07","","0.09","","0.09","","0.1","","0.097","","0.33","","0.374","","0.399","","","","","",
"Iraq","IRQ","Precio de la gasolina para el usuario (US$ por litro)","EP.PMP.SGAS.CD","","","","","","","","","","","","","","","","","","","","","","","","","","","","","","","","","","","","","","","","","","","","","","","","","","","0.78","","","","0.43","","0.61","","","","","",
"Islandia","ISL","Precio de la gasolina para el usuario (US$ por litro)","EP.PMP.SGAS.CD","","","","","","","","","","","","","","","","","","","","","","","","","","","","","","","","","","","","","","","1.12","","1.05","","1.16","","1.64","","1.86","","1.15","","1.71","","1.99","","1.85","","1.69","","","","","",
"Israel","ISR","Precio de la gasolina para el usuario (US$ por litro)","EP.PMP.SGAS.CD","","","","","","","","","","","","","","","","","","","","","","","","","","","","","","","","","","","","0.73","","","0.86","","1.14","","0.9","","1.05","","1.47","","1.37","","1.85","","2.01","","1.88","","1.57","","","","","",
"Italia","ITA","Precio de la gasolina para el usuario (US$ por litro)","EP.PMP.SGAS.CD","","","","","","","","","","","","","","","","","","","","","","","","","","","","","","","","","","","","1.18","","","1.19","","0.97","","1.05","","1.53","","1.56","","1.57","","1.87","","2.28","","2.14","","1.61","","","","","",
"Jamaica","JAM","Precio de la gasolina para el usuario (US$ por litro)","EP.PMP.SGAS.CD","","","","","","","","","","","","","","","","","","","","","","","","","","","","","","","","","","","","","","","0.37","","0.62","","0.52","","0.63","","0.82","","0.74","","0.98","","1.2","","1.14","","1.11","","","","","",
"Jordania","JOR","Precio de la gasolina para el usuario (US$ por litro)","EP.PMP.SGAS.CD","","","","","","","","","","","","","","","","","","","","","","","","","","","","","","","","","","","","0.4","","","0.42","","0.45","","0.52","","0.61","","0.86","","0.61","","1.04","","1.44","","1.27","","1.1","","","","","",
"Japón","JPN","Precio de la gasolina para el usuario (US$ por litro)","EP.PMP.SGAS.CD","","","","","","","","","","","","","","","","","","","","","","","","","","","","","","","","","","","","1.25","","","1.02","","1.06","","0.91","","1.26","","1.09","","1.42","","1.6","","2","","1.38","","1.06","","","","","",
"Kazajstán","KAZ","Precio de la gasolina para el usuario (US$ por litro)","EP.PMP.SGAS.CD","","","","","","","","","","","","","","","","","","","","","","","","","","","","","","","","","","","","0.3","","","0.3","","0.36","","0.35","","0.52","","0.7","","0.83","","0.71","","1.01","","0.81","","0.42","","","","","",
"Kenya","KEN","Precio de la gasolina para el usuario (US$ por litro)","EP.PMP.SGAS.CD","","","","","","","","","","","","","","","","","","","","","","","","","","","","","","","","0.53","0.4","","","0.56","","","0.7","","0.71","","0.7","","0.92","","1.12","","1.2","","1.33","","1.37","","1.21","","0.95","","","","","",
"Kirguistán","KGZ","Precio de la gasolina para el usuario (US$ por litro)","EP.PMP.SGAS.CD","","","","","","","","","","","","","","","","","","","","","","","","","","","","","","","","","","","","","","","0.47","","0.44","","0.39","","0.48","","0.64","","0.8","","0.85","","0.89","","0.94","","0.56","","","","","",
"Camboya","KHM","Precio de la gasolina para el usuario (US$ por litro)","EP.PMP.SGAS.CD","","","","","","","","","","","","","","","","","","","","","","","","","","","","","","","","","","","","","","","0.47","","0.61","","0.63","","0.79","","1.01","","0.94","","1.15","","1.35","","1.34","","0.9","","","","","",
"Kiribati","KIR","Precio de la gasolina para el usuario (US$ por litro)","EP.PMP.SGAS.CD","","","","","","","","","","","","","","","","","","","","","","","","","","","","","","","","","","","","","","","","","","","","","","","","","","","","","","","","","","","","","","",
"Saint Kitts y Nevis","KNA","Precio de la gasolina para el usuario (US$ por litro)","EP.PMP.SGAS.CD","","","","","","","","","","","","","","","","","","","","","","","","","","","","","","","","","","","","","","","","","","","","","","","","","","","","","","","","","","","","","","",
"Corea, República de","KOR","Precio de la gasolina para el usuario (US$ por litro)","EP.PMP.SGAS.CD","","","","","","","","","","","","","","","","","","","","","","","","","","","","","","","","0.54","","","","0.79","","","0.93","","0.92","","1.09","","1.35","","1.65","","1.51","","1.52","","1.8","","1.55","","1.22","","","","","",
"Kuwait","KWT","Precio de la gasolina para el usuario (US$ por litro)","EP.PMP.SGAS.CD","","","","","","","","","","","","","","","","","","","","","","","","","","","","","","","","","","","","","","","0.17","","0.21","","0.2","","0.24","","0.22","","0.24","","0.23","","0.23","","0.22","","0.35","","","","","",
"América Latina y el Caribe (excluido altos ingresos)","LAC","Precio de la gasolina para el usuario (US$ por litro)","EP.PMP.SGAS.CD","","","","","","","","","","","","","","","","","","","","","","","","","","","","","","","","","","","","0.395","","","0.5","","0.62","","0.55","","0.72","","0.89","","0.87","","1.065","","1.28","","1.2","","0.98","","","","","",
"República Democrática Popular Lao","LAO","Precio de la gasolina para el usuario (US$ por litro)","EP.PMP.SGAS.CD","","","","","","","","","","","","","","","","","","","","","","","","","","","","","","","","","","","","","","","0.31","","0.41","","0.36","","0.54","","0.86","","0.92","","1.26","","1.33","","1.4","","0.93","","","","","",
"Líbano","LBN","Precio de la gasolina para el usuario (US$ por litro)","EP.PMP.SGAS.CD","","","","","","","","","","","","","","","","","","","","","","","","","","","","","","","","","","","","","","","0.35","","0.53","","0.65","","0.71","","0.74","","0.76","","1.13","","1.11","","0.96","","0.74","","","","","",
"Liberia","LBR","Precio de la gasolina para el usuario (US$ por litro)","EP.PMP.SGAS.CD","","","","","","","","","","","","","","","","","","","","","","","","","","","","","","","","","","","","","","","","","","","","","0.75","","0.79","","0.77","","0.98","","1.17","","0.91","","0.8","","","","","",
"Libia","LBY","Precio de la gasolina para el usuario (US$ por litro)","EP.PMP.SGAS.CD","","","","","","","","","","","","","","","","","","","","","","","","","","","","","","","","","","","","","","","0.22","","0.25","","0.1","","0.09","","0.12","","0.14","","0.17","","0.12","","","","0.11","","","","","",
"Santa Lucía","LCA","Precio de la gasolina para el usuario (US$ por litro)","EP.PMP.SGAS.CD","","","","","","","","","","","","","","","","","","","","","","","","","","","","","","","","","","","","","","","","","","","","","","","","","","","","","","","1.3","","","","","","","",
"América Latina y el Caribe","LCN","Precio de la gasolina para el usuario (US$ por litro)","EP.PMP.SGAS.CD","","","","","","","","","","","","","","","","","","","","","","","","","","","","","","","","","","","","","","","0.49","","0.62","","0.545","","0.705","","0.915","","0.89","","1.065","","1.28","","1.2","","0.92","","","","","",
"Países menos desarrollados: clasificación de las Naciones Unidas","LDC","Precio de la gasolina para el usuario (US$ por litro)","EP.PMP.SGAS.CD","","","","","","","","","","","","","","","","","","","","","","","","","","","","","","","","0.71","0.715","","","","","","0.57","","0.64","","0.605","","0.8","","1.01","","1.13","","1.18","","1.34","","1.34","","0.96","","","","","",
"Países de ingreso bajo","LIC","Precio de la gasolina para el usuario (US$ por litro)","EP.PMP.SGAS.CD","","","","","","","","","","","","","","","","","","","","","","","","","","","","","","","","0.73","0.715","","","0.625","","","0.61","","0.68","","0.58","","0.9","","1.11","","1.23","","1.3","","1.41","","1.385","","0.965","","","","","",
"Liechtenstein","LIE","Precio de la gasolina para el usuario (US$ por litro)","EP.PMP.SGAS.CD","","","","","","","","","","","","","","","","","","","","","","","","","","","","","","","","","","","","","","","0.85","","0.81","","0.89","","1.29","","1.27","","1.3","","1.66","","1.88","","1.74","","","","","","","",
"Sri Lanka","LKA","Precio de la gasolina para el usuario (US$ por litro)","EP.PMP.SGAS.CD","","","","","","","","","","","","","","","","","","","","","","","","","","","","","","","","0.75","","","","0.75","","","0.84","","0.66","","0.54","","0.72","","0.88","","1.43","","1.19","","1.29","","1.27","","0.88","","","","","",
"Países de ingreso mediano bajo","LMC","Precio de la gasolina para el usuario (US$ por litro)","EP.PMP.SGAS.CD","","","","","","","","","","","","","","","","","","","","","","","","","","","","","","","","","","","","","","","0.47","","0.53","","0.52","","0.685","","0.85","","0.93","","1.075","","1.25","","1.14","","0.905","","","","","",
"Ingreso mediano y bajo","LMY","Precio de la gasolina para el usuario (US$ por litro)","EP.PMP.SGAS.CD","","","","","","","","","","","","","","","","","","","","","","","","","","","","","","","","","","","","","","","0.47","","0.55","","0.54","","0.74","","0.89","","1.03","","1.11","","1.29","","1.225","","0.92","","","","","",
"Lesotho","LSO","Precio de la gasolina para el usuario (US$ por litro)","EP.PMP.SGAS.CD","","","","","","","","","","","","","","","","","","","","","","","","","","","","","","","","","","","","","","","0.39","","0.5","","","","0.73","","0.89","","0.79","","0.97","","1.24","","1.03","","0.7","","","","","",
"avanzada del dividendo demográfico","LTE","Precio de la gasolina para el usuario (US$ por litro)","EP.PMP.SGAS.CD","","","","","","","","","","","","","","","","","","","","","","","","","","","","","","","","","","","","","","","0.47","","0.54","","0.5","","0.725","","0.92","","1.085","","1.2","","1.38","","1.27","","0.88","","","","","",
"Lituania","LTU","Precio de la gasolina para el usuario (US$ por litro)","EP.PMP.SGAS.CD","","","","","","","","","","","","","","","","","","","","","","","","","","","","","","","","","","","","0.35","","","0.51","","0.66","","0.69","","1.03","","1.08","","1.13","","1.59","","1.83","","1.57","","1.16","","","","","",
"Luxemburgo","LUX","Precio de la gasolina para el usuario (US$ por litro)","EP.PMP.SGAS.CD","","","","","","","","","","","","","","","","","","","","","","","","","","","","","","","","","","","","0.84","","","0.78","","0.75","","0.76","","1.19","","1.29","","1.4","","1.55","","1.64","","1.52","","1.19","","","","","",
"Letonia","LVA","Precio de la gasolina para el usuario (US$ por litro)","EP.PMP.SGAS.CD","","","","","","","","","","","","","","","","","","","","","","","","","","","","","","","","","","","","0.41","","","0.55","","0.67","","0.7","","0.94","","1.2","","1.12","","1.48","","1.8","","1.48","","1.16","","","","","",
"Región Administrativa Especial de Macao, China","MAC","Precio de la gasolina para el usuario (US$ por litro)","EP.PMP.SGAS.CD","","","","","","","","","","","","","","","","","","","","","","","","","","","","","","","","","","","","","","","","","","","","","","","","","","","","","","","","","","","","","","",
"Isla de San Martín (parte francesa)","MAF","Precio de la gasolina para el usuario (US$ por litro)","EP.PMP.SGAS.CD","","","","","","","","","","","","","","","","","","","","","","","","","","","","","","","","","","","","","","","","","","","","","","","","","","","","","","","","","","","","","","",
"Marruecos","MAR","Precio de la gasolina para el usuario (US$ por litro)","EP.PMP.SGAS.CD","","","","","","","","","","","","","","","","","","","","","","","","","","","","","","","","0.82","0.75","","","0.94","","","0.79","","0.82","","0.87","","1.1","","1.22","","1.29","","1.23","","1.42","","1.38","","0.99","","","","","",
"Mónaco","MCO","Precio de la gasolina para el usuario (US$ por litro)","EP.PMP.SGAS.CD","","","","","","","","","","","","","","","","","","","","","","","","","","","","","","","","","","","","","","","","","","","","","","","","","1.64","","1.92","","2.23","","2","","","","","","","",
"República de Moldova","MDA","Precio de la gasolina para el usuario (US$ por litro)","EP.PMP.SGAS.CD","","","","","","","","","","","","","","","","","","","","","","","","","","","","","","","","","","","","","","","","","","","","","","","","","1.2","","1.21","","1.42","","1.21","","0.8","","","","","",
"Madagascar","MDG","Precio de la gasolina para el usuario (US$ por litro)","EP.PMP.SGAS.CD","","","","","","","","","","","","","","","","","","","","","","","","","","","","","","","","0.43","0.54","","","0.47","","","0.47","","0.76","","1.08","","1.05","","1.15","","1.55","","1.52","","1.49","","1.35","","1.11","","","","","",
"Maldivas","MDV","Precio de la gasolina para el usuario (US$ por litro)","EP.PMP.SGAS.CD","","","","","","","","","","","","","","","","","","","","","","","","","","","","","","","","","","","","","","","","","","","","","","","","","","","0.84","","1.1","","1.63","","","","","","","",
"Oriente Medio y Norte de África","MEA","Precio de la gasolina para el usuario (US$ por litro)","EP.PMP.SGAS.CD","","","","","","","","","","","","","","","","","","","","","","","","","","","","","","","","","","","","","","","0.31","","0.29","","0.29","","0.31","","0.32","","0.45","","0.48","","0.525","","0.83","","0.55","","","","","",
"México","MEX","Precio de la gasolina para el usuario (US$ por litro)","EP.PMP.SGAS.CD","","","","","","","","","","","","","","","","","","","","","","","","","","","","","","","","","0.39","","","0.32","","","0.36","","0.61","","0.62","","0.59","","0.74","","0.74","","0.81","","0.86","","1.03","","0.73","","","","","",
"Islas Marshall","MHL","Precio de la gasolina para el usuario (US$ por litro)","EP.PMP.SGAS.CD","","","","","","","","","","","","","","","","","","","","","","","","","","","","","","","","","","","","","","","","","","","","","","","","","","","","","","","1.44","","","","","","","",
" Ingreso mediano","MIC","Precio de la gasolina para el usuario (US$ por litro)","EP.PMP.SGAS.CD","","","","","","","","","","","","","","","","","","","","","","","","","","","","","","","","","","","","","","","0.465","","0.53","","0.52","","0.69","","0.86","","0.95","","1.09","","1.285","","1.205","","0.91","","","","","",
"Macedonia del Norte","MKD","Precio de la gasolina para el usuario (US$ por litro)","EP.PMP.SGAS.CD","","","","","","","","","","","","","","","","","","","","","","","","","","","","","","","","","","","","0.93","","","0.7","","0.76","","0.85","","1.17","","1.23","","1.15","","1.52","","1.75","","1.49","","1.11","","","","","",
"Malí","MLI","Precio de la gasolina para el usuario (US$ por litro)","EP.PMP.SGAS.CD","","","","","","","","","","","","","","","","","","","","","","","","","","","","","","","","1.12","1.14","","","0.82","","","0.77","","0.7","","0.69","","1.16","","1.22","","1.3","","1.42","","1.41","","1.47","","1.12","","","","","",
"Malta","MLT","Precio de la gasolina para el usuario (US$ por litro)","EP.PMP.SGAS.CD","","","","","","","","","","","","","","","","","","","","","","","","","","","","","","","","","","","","","","","0.77","","0.81","","0.87","","1.18","","1.38","","1.66","","1.63","","1.92","","1.8","","1.36","","","","","",
"Myanmar","MMR","Precio de la gasolina para el usuario (US$ por litro)","EP.PMP.SGAS.CD","","","","","","","","","","","","","","","","","","","","","","","","","","","","","","","","","","","","","","","0.13","","0.33","","0.36","","0.12","","0.66","","0.43","","0.8","","1.04","","1.14","","0.54","","","","","",
"Oriente Medio y Norte de África (excluido altos ingresos)","MNA","Precio de la gasolina para el usuario (US$ por litro)","EP.PMP.SGAS.CD","","","","","","","","","","","","","","","","","","","","","","","","","","","","","","","","","","","","","","","0.35","","0.44","","0.29","","0.46","","0.6","","0.61","","0.94","","0.86","","0.895","","0.735","","","","","",
"Montenegro","MNE","Precio de la gasolina para el usuario (US$ por litro)","EP.PMP.SGAS.CD","","","","","","","","","","","","","","","","","","","","","","","","","","","","","","","","","","","","0.76","","","0.61","","0.56","","0.74","","1.2","","1.51","","1.27","","1.62","","1.82","","1.6","","1.16","","","","","",
"Mongolia","MNG","Precio de la gasolina para el usuario (US$ por litro)","EP.PMP.SGAS.CD","","","","","","","","","","","","","","","","","","","","","","","","","","","","","","","","","","","","","","","0.23","","0.38","","0.38","","0.61","","0.88","","1.38","","1.11","","1.29","","1.01","","0.72","","","","","",
"Mariana","MNP","Precio de la gasolina para el usuario (US$ por litro)","EP.PMP.SGAS.CD","","","","","","","","","","","","","","","","","","","","","","","","","","","","","","","","","","","","","","","","","","","","","","","","","","","","","","","","","","","","","","",
"Mozambique","MOZ","Precio de la gasolina para el usuario (US$ por litro)","EP.PMP.SGAS.CD","","","","","","","","","","","","","","","","","","","","","","","","","","","","","","","","0.74","0.48","","","0.53","","","0.55","","0.56","","0.46","","0.88","","1.15","","1.71","","1.11","","1.58","","1.55","","0.65","","","","","",
"Mauritania","MRT","Precio de la gasolina para el usuario (US$ por litro)","EP.PMP.SGAS.CD","","","","","","","","","","","","","","","","","","","","","","","","","","","","","","","","0.86","0.85","","","","","","0.59","","0.67","","0.63","","0.8","","0.97","","1.49","","1.16","","1.43","","1.53","","1.13","","","","","",
"Mauricio","MUS","Precio de la gasolina para el usuario (US$ por litro)","EP.PMP.SGAS.CD","","","","","","","","","","","","","","","","","","","","","","","","","","","","","","","","","","","","","","","","","","","","","","","","","","","1.55","","1.65","","1.65","","1.12","","","","","",
"Malawi","MWI","Precio de la gasolina para el usuario (US$ por litro)","EP.PMP.SGAS.CD","","","","","","","","","","","","","","","","","","","","","","","","","","","","","","","","0.64","0.71","","","0.65","","","0.51","","0.69","","0.66","","0.95","","1.17","","1.78","","1.71","","1.93","","1.78","","1.15","","","","","",
"Malasia","MYS","Precio de la gasolina para el usuario (US$ por litro)","EP.PMP.SGAS.CD","","","","","","","","","","","","","","","","","","","","","","","","","","","","","","","","0.4","","","","0.42","","","0.28","","0.28","","0.35","","0.37","","0.53","","0.53","","0.59","","0.62","","0.68","","0.45","","","","","",
"América del Norte","NAC","Precio de la gasolina para el usuario (US$ por litro)","EP.PMP.SGAS.CD","","","","","","","","","","","","","","","","","","","","","","","","","","","","","","","","","0.395","","","0.395","","","0.365","","0.525","","0.455","","0.61","","0.735","","0.66","","0.985","","1.145","","0.965","","0.76","","","","","",
"Namibia","NAM","Precio de la gasolina para el usuario (US$ por litro)","EP.PMP.SGAS.CD","","","","","","","","","","","","","","","","","","","","","","","","","","","","","","","","0.46","0.42","","","","","","0.38","","0.47","","0.45","","0.68","","0.87","","0.78","","1.06","","1.24","","1.08","","0.76","","","","","",
"Nueva Caledonia","NCL","Precio de la gasolina para el usuario (US$ por litro)","EP.PMP.SGAS.CD","","","","","","","","","","","","","","","","","","","","","","","","","","","","","","","","","","","","","","","","","","","","","","","","","","","","","","","","","","","","","","",
"Níger","NER","Precio de la gasolina para el usuario (US$ por litro)","EP.PMP.SGAS.CD","","","","","","","","","","","","","","","","","","","","","","","","","","","","","","","","0.94","0.92","","","0.79","","","0.76","","0.68","","0.77","","1.02","","1.14","","0.99","","1.07","","1.12","","1.09","","0.88","","","","","",
"Nigeria","NGA","Precio de la gasolina para el usuario (US$ por litro)","EP.PMP.SGAS.CD","","","","","","","","","","","","","","","","","","","","","","","","","","","","","","","","0.05","0.02","","","0.13","","","0.13","","0.27","","0.2","","0.39","","0.51","","0.59","","0.44","","0.62","","0.56","","0.46","","","","","",
"Nicaragua","NIC","Precio de la gasolina para el usuario (US$ por litro)","EP.PMP.SGAS.CD","","","","","","","","","","","","","","","","","","","","","","","","","","","","","","","","","0.69","","","0.62","","","0.47","","0.62","","0.54","","0.69","","0.67","","0.87","","1.09","","1.23","","1.18","","0.91","","","","","",
"Países Bajos","NLD","Precio de la gasolina para el usuario (US$ por litro)","EP.PMP.SGAS.CD","","","","","","","","","","","","","","","","","","","","","","","","","","","","","","","","","","","","1.21","","","1.14","","1.03","","1.12","","1.62","","1.7","","1.68","","2.13","","2.33","","2.15","","1.68","","","","","",
"Noruega","NOR","Precio de la gasolina para el usuario (US$ por litro)","EP.PMP.SGAS.CD","","","","","","","","","","","","","","","","","","","","","","","","","","","","","","","","","","","","1.33","","","1.21","","1.19","","1.23","","1.61","","1.8","","1.63","","2.12","","2.53","","2.27","","1.78","","","","","",
"Nepal","NPL","Precio de la gasolina para el usuario (US$ por litro)","EP.PMP.SGAS.CD","","","","","","","","","","","","","","","","","","","","","","","","","","","","","","","","0.65","","","","0.52","","","0.59","","0.63","","0.66","","0.72","","0.94","","1.13","","1.18","","1.44","","1.31","","0.91","","","","","",
"Nauru","NRU","Precio de la gasolina para el usuario (US$ por litro)","EP.PMP.SGAS.CD","","","","","","","","","","","","","","","","","","","","","","","","","","","","","","","","","","","","","","","","","","","","","","","","","","","1.6","","","","","","","","","","","",
"Nueva Zelandia","NZL","Precio de la gasolina para el usuario (US$ por litro)","EP.PMP.SGAS.CD","","","","","","","","","","","","","","","","","","","","","","","","","","","","","","","","","","","","0.61","","","0.64","","0.48","","0.55","","0.77","","0.98","","1.09","","1.47","","1.77","","1.71","","1.4","","","","","",
"Miembros OCDE","OED","Precio de la gasolina para el usuario (US$ por litro)","EP.PMP.SGAS.CD","","","","","","","","","","","","","","","","","","","","","","","","","","","","","","","","","","","","0.845","","","0.84","","0.77","","0.865","","1.235","","1.3","","1.37","","1.67","","1.895","","1.725","","1.32","","","","","",
"Omán","OMN","Precio de la gasolina para el usuario (US$ por litro)","EP.PMP.SGAS.CD","","","","","","","","","","","","","","","","","","","","","","","","","","","","","","","","","","","","","","","0.31","","0.31","","0.31","","0.31","","0.31","","0.31","","0.31","","0.31","","0.31","","0.45","","","","","",
"Otros Estados pequeos","OSS","Precio de la gasolina para el usuario (US$ por litro)","EP.PMP.SGAS.CD","","","","","","","","","","","","","","","","","","","","","","","","","","","","","","","","","","","","","","","0.52","","0.56","","","","0.76","","0.89","","0.91","","1.24","","1.3","","1.37","","1.02","","","","","",
"Pakistán","PAK","Precio de la gasolina para el usuario (US$ por litro)","EP.PMP.SGAS.CD","","","","","","","","","","","","","","","","","","","","","","","","","","","","","","","","","","","","0.47","","","0.46","","0.53","","0.52","","0.62","","1.01","","0.84","","0.86","","1.14","","0.94","","0.79","","","","","",
"Panamá","PAN","Precio de la gasolina para el usuario (US$ por litro)","EP.PMP.SGAS.CD","","","","","","","","","","","","","","","","","","","","","","","","","","","","","","","","","0.43","","","","","","0.41","","0.53","","0.51","","0.54","","0.7","","0.67","","0.85","","1.05","","0.96","","0.74","","","","","",
"Perú","PER","Precio de la gasolina para el usuario (US$ por litro)","EP.PMP.SGAS.CD","","","","","","","","","","","","","","","","","","","","","","","","","","","","","","","","","0.56","","","0.68","","","0.55","","0.8","","0.74","","1.12","","1.22","","1.42","","1.41","","1.63","","1.46","","0.99","","","","","",
"Filipinas","PHL","Precio de la gasolina para el usuario (US$ por litro)","EP.PMP.SGAS.CD","","","","","","","","","","","","","","","","","","","","","","","","","","","","","","","","0.4","","","","0.34","","","0.34","","0.37","","0.35","","0.52","","0.76","","0.91","","1.05","","1.25","","1.05","","0.86","","","","","",
"Palau","PLW","Precio de la gasolina para el usuario (US$ por litro)","EP.PMP.SGAS.CD","","","","","","","","","","","","","","","","","","","","","","","","","","","","","","","","","","","","","","","","","","","","","","","","","","","","","","","","","","","","","","",
"Papua Nueva Guinea","PNG","Precio de la gasolina para el usuario (US$ por litro)","EP.PMP.SGAS.CD","","","","","","","","","","","","","","","","","","","","","","","","","","","","","","","","","","","","","","","0.41","","0.53","","","","0.94","","","","0.94","","","","","","1.36","","","","","","","",
"Polonia","POL","Precio de la gasolina para el usuario (US$ por litro)","EP.PMP.SGAS.CD","","","","","","","","","","","","","","","","","","","","","","","","","","","","","","","","","","","","0.55","","","0.54","","0.76","","0.83","","1.2","","1.3","","1.43","","1.57","","1.74","","1.42","","1.07","","","","","",
"previa al dividendo demográfico","PRE","Precio de la gasolina para el usuario (US$ por litro)","EP.PMP.SGAS.CD","","","","","","","","","","","","","","","","","","","","","","","","","","","","","","","","0.71","0.7","","","0.625","","","0.635","","0.68","","0.665","","0.92","","1.12","","1.22","","1.275","","1.39","","1.35","","0.97","","","","","",
"Puerto Rico","PRI","Precio de la gasolina para el usuario (US$ por litro)","EP.PMP.SGAS.CD","","","","","","","","","","","","","","","","","","","","","","","","","","","","","","","","","","","","","","","","","","","","","","","","","","","","","","","","","","","","","","",
"Corea, República Popular Democrática de","PRK","Precio de la gasolina para el usuario (US$ por litro)","EP.PMP.SGAS.CD","","","","","","","","","","","","","","","","","","","","","","","","","","","","","","","","","","","","","","","0.73","","0.55","","0.55","","0.78","","0.71","","0.76","","","","","","0.94","","0.58","","","","","",
"Portugal","PRT","Precio de la gasolina para el usuario (US$ por litro)","EP.PMP.SGAS.CD","","","","","","","","","","","","","","","","","","","","","","","","","","","","","","","","","","","","","","","1.02","","0.77","","0.97","","1.38","","1.56","","1.61","","1.85","","2.15","","1.89","","1.54","","","","","",
"Paraguay","PRY","Precio de la gasolina para el usuario (US$ por litro)","EP.PMP.SGAS.CD","","","","","","","","","","","","","","","","","","","","","","","","","","","","","","","","","0.43","","","0.44","","","0.47","","0.72","","0.56","","0.62","","0.97","","1.17","","1.28","","1.74","","1.59","","1.04","","","","","",
"Ribera Occidental y Gaza","PSE","Precio de la gasolina para el usuario (US$ por litro)","EP.PMP.SGAS.CD","","","","","","","","","","","","","","","","","","","","","","","","","","","","","","","","","","","","","","","0.86","","1.08","","0.99","","1.17","","1.29","","1.34","","1.71","","1.87","","1.77","","1.54","","","","","",
"Estados pequeos de las Islas del Pacfico","PSS","Precio de la gasolina para el usuario (US$ por litro)","EP.PMP.SGAS.CD","","","","","","","","","","","","","","","","","","","","","","","","","","","","","","","","","","","","","","","","","","","","","","","","","","","","","","","","","","","","","","",
"posterior al dividendo demográfico","PST","Precio de la gasolina para el usuario (US$ por litro)","EP.PMP.SGAS.CD","","","","","","","","","","","","","","","","","","","","","","","","","","","","","","","","","","","","0.905","","","0.775","","0.795","","0.88","","1.21","","1.3","","1.37","","1.63","","1.86","","1.69","","1.29","","","","","",
"Polinesia Francesa","PYF","Precio de la gasolina para el usuario (US$ por litro)","EP.PMP.SGAS.CD","","","","","","","","","","","","","","","","","","","","","","","","","","","","","","","","","","","","","","","","","","","","","","","1.49","","1.58","","1.7","","","","","","","","","","","",
"Qatar","QAT","Precio de la gasolina para el usuario (US$ por litro)","EP.PMP.SGAS.CD","","","","","","","","","","","","","","","","","","","","","","","","","","","","","","","","","","","","","","","0.16","","","","","","0.21","","0.19","","0.22","","0.19","","0.27","","0.23","","0.4","","","","","",
"Rumania","ROU","Precio de la gasolina para el usuario (US$ por litro)","EP.PMP.SGAS.CD","","","","","","","","","","","","","","","","","","","","","","","","","","","","","","","","","","","","0.29","","","0.53","","0.46","","0.64","","0.96","","1.26","","1.11","","1.46","","1.7","","1.59","","1.16","","","","","",
"Federación de Rusia","RUS","Precio de la gasolina para el usuario (US$ por litro)","EP.PMP.SGAS.CD","","","","","","","","","","","","","","","","","","","","","","","","","","","","","","","","","","","","0.35","","","0.28","","0.33","","0.35","","0.55","","0.77","","0.89","","0.84","","0.99","","0.81","","0.59","","","","","",
"Rwanda","RWA","Precio de la gasolina para el usuario (US$ por litro)","EP.PMP.SGAS.CD","","","","","","","","","","","","","","","","","","","","","","","","","","","","","","","","0.81","0.93","","","","","","0.72","","0.89","","0.84","","0.98","","1.11","","1.37","","1.63","","1.73","","1.41","","1.17","","","","","",
"Asia meridional","SAS","Precio de la gasolina para el usuario (US$ por litro)","EP.PMP.SGAS.CD","","","","","","","","","","","","","","","","","","","","","","","","","","","","","","","","","","","","0.48","","","0.575","","0.59","","0.53","","0.72","","0.91","","1.09","","1.12","","1.22","","1.185","","0.91","","","","","",
"Arabia Saudita","SAU","Precio de la gasolina para el usuario (US$ por litro)","EP.PMP.SGAS.CD","","","","","","","","","","","","","","","","","","","","","","","","","","","","","","","","","","","","0.16","","","0.16","","0.24","","0.24","","0.24","","0.16","","0.16","","0.16","","0.16","","0.16","","0.24","","","","","",
"Sudán","SDN","Precio de la gasolina para el usuario (US$ por litro)","EP.PMP.SGAS.CD","","","","","","","","","","","","","","","","","","","","","","","","","","","","","","","","0.07","0.58","","","0.5","","","0.33","","0.28","","0.3","","0.47","","0.72","","0.65","","0.62","","0.63","","0.82","","0.95","","","","","",
"Senegal","SEN","Precio de la gasolina para el usuario (US$ por litro)","EP.PMP.SGAS.CD","","","","","","","","","","","","","","","","","","","","","","","","","","","","","","","","1.19","1.23","","","0.94","","","0.71","","0.73","","0.75","","1.1","","1.31","","1.35","","1.57","","1.72","","1.7","","1.14","","","","","",
"Singapur","SGP","Precio de la gasolina para el usuario (US$ por litro)","EP.PMP.SGAS.CD","","","","","","","","","","","","","","","","","","","","","","","","","","","","","","","","0.61","","","","0.85","","","0.72","","0.84","","0.85","","0.89","","0.92","","1.07","","1.42","","1.68","","1.58","","1.25","","","","","",
"Islas Salomón","SLB","Precio de la gasolina para el usuario (US$ por litro)","EP.PMP.SGAS.CD","","","","","","","","","","","","","","","","","","","","","","","","","","","","","","","","","","","","","","","","","","","","","","","","","","","","","","","","","","","","","","",
"Sierra Leona","SLE","Precio de la gasolina para el usuario (US$ por litro)","EP.PMP.SGAS.CD","","","","","","","","","","","","","","","","","","","","","","","","","","","","","","","","0.45","0.49","","","","","","0.61","","","","0.51","","0.76","","0.98","","0.91","","0.94","","1.05","","1.04","","1.08","","","","","",
"El Salvador","SLV","Precio de la gasolina para el usuario (US$ por litro)","EP.PMP.SGAS.CD","","","","","","","","","","","","","","","","","","","","","","","","","","","","","","","","","","","","","","","0.54","","0.67","","0.46","","0.65","","0.82","","0.78","","0.92","","1.26","","1.12","","0.83","","","","","",
"San Marino","SMR","Precio de la gasolina para el usuario (US$ por litro)","EP.PMP.SGAS.CD","","","","","","","","","","","","","","","","","","","","","","","","","","","","","","","","","","","","","","","","","","","","","","","","","","","","","","","","","","","","","","",
"Somalia","SOM","Precio de la gasolina para el usuario (US$ por litro)","EP.PMP.SGAS.CD","","","","","","","","","","","","","","","","","","","","","","","","","","","","","","","","","","","","","","","","","","","0.35","","1.36","","0.74","","1.12","","","","","","","","1.41","","","","","",
"Serbia","SRB","Precio de la gasolina para el usuario (US$ por litro)","EP.PMP.SGAS.CD","","","","","","","","","","","","","","","","","","","","","","","","","","","","","","","","","","","","0.76","","","0.61","","0.56","","0.74","","1","","1.45","","1.29","","1.5","","1.78","","1.55","","1.16","","","","","",
"África al sur del Sahara (excluido altos ingresos)","SSA","Precio de la gasolina para el usuario (US$ por litro)","EP.PMP.SGAS.CD","","","","","","","","","","","","","","","","","","","","","","","","","","","","","","","","0.68","0.62","","","0.56","","","0.59","","0.615","","0.66","","0.88","","1.035","","1.14","","1.245","","1.355","","1.32","","0.95","","","","","",
"Sudán del Sur","SSD","Precio de la gasolina para el usuario (US$ por litro)","EP.PMP.SGAS.CD","","","","","","","","","","","","","","","","","","","","","","","","","","","","","","","","","","","","","","","","","","","","","","","1.76","","1.59","","1.5","","1.97","","1.98","","0.28","","","","","",
"África al sur del Sahara","SSF","Precio de la gasolina para el usuario (US$ por litro)","EP.PMP.SGAS.CD","","","","","","","","","","","","","","","","","","","","","","","","","","","","","","","","0.68","0.62","","","0.56","","","0.59","","0.615","","0.66","","0.88","","1.035","","1.14","","1.245","","1.355","","1.32","","0.95","","","","","",
"Pequeños Estados","SST","Precio de la gasolina para el usuario (US$ por litro)","EP.PMP.SGAS.CD","","","","","","","","","","","","","","","","","","","","","","","","","","","","","","","","","","","","","","","","","","","","","0.745","","","","0.91","","1.08","","1.4","","1.32","","1","","","","","",
"Santo Tomé y Príncipe","STP","Precio de la gasolina para el usuario (US$ por litro)","EP.PMP.SGAS.CD","","","","","","","","","","","","","","","","","","","","","","","","","","","","","","","","","","","","","","","","","","","","","","","","","","","","","","","","","","","","","","",
"Suriname","SUR","Precio de la gasolina para el usuario (US$ por litro)","EP.PMP.SGAS.CD","","","","","","","","","","","","","","","","","","","","","","","","","","","","","","","","","","","","","","","0.56","","0.56","","0.56","","0.5","","0.94","","0.91","","1.14","","1.57","","1.29","","","","","","","",
"República Eslovaca","SVK","Precio de la gasolina para el usuario (US$ por litro)","EP.PMP.SGAS.CD","","","","","","","","","","","","","","","","","","","","","","","","","","","","","","","","","","","","0.66","","","0.61","","0.69","","0.74","","1.17","","1.35","","1.57","","1.7","","1.98","","1.77","","1.32","","","","","",
"Eslovenia","SVN","Precio de la gasolina para el usuario (US$ por litro)","EP.PMP.SGAS.CD","","","","","","","","","","","","","","","","","","","","","","","","","","","","","","","","","","","","0.59","","","0.66","","0.63","","0.76","","1.12","","1.23","","1.18","","1.67","","1.86","","1.78","","1.32","","","","","",
"Suecia","SWE","Precio de la gasolina para el usuario (US$ por litro)","EP.PMP.SGAS.CD","","","","","","","","","","","","","","","","","","","","","","","","","","","","","","","","","","","","1.17","","","1.09","","0.94","","1.06","","1.51","","1.46","","1.38","","1.87","","2.1","","1.82","","1.42","","","","","",
"Eswatini","SWZ","Precio de la gasolina para el usuario (US$ por litro)","EP.PMP.SGAS.CD","","","","","","","","","","","","","","","","","","","","","","","","","","","","","","","","0.46","0.43","","","","","","0.37","","0.47","","","","0.76","","0.8","","0.86","","1.07","","1.3","","1.14","","0.77","","","","","",
"Sint Maarten (Dutch part)","SXM","Precio de la gasolina para el usuario (US$ por litro)","EP.PMP.SGAS.CD","","","","","","","","","","","","","","","","","","","","","","","","","","","","","","","","","","","","","","","","","","","","","","","","","","","","","","","","","","","","","","",
"Seychelles","SYC","Precio de la gasolina para el usuario (US$ por litro)","EP.PMP.SGAS.CD","","","","","","","","","","","","","","","","","","","","","","","","","","","","","","","","","","","","","","","","","","","","","","","","","","","","","","","","","","","","","","",
"República Árabe Siria","SYR","Precio de la gasolina para el usuario (US$ por litro)","EP.PMP.SGAS.CD","","","","","","","","","","","","","","","","","","","","","","","","","","","","","","","","","","","","","","","0.45","","0.44","","0.53","","0.46","","0.6","","0.85","","0.96","","0.79","","0.83","","","","","","","",
"Islas Turcas y Caicos","TCA","Precio de la gasolina para el usuario (US$ por litro)","EP.PMP.SGAS.CD","","","","","","","","","","","","","","","","","","","","","","","","","","","","","","","","","","","","","","","","","","","","","","","","","","","","","","","","","","","","","","",
"Chad","TCD","Precio de la gasolina para el usuario (US$ por litro)","EP.PMP.SGAS.CD","","","","","","","","","","","","","","","","","","","","","","","","","","","","","","","","1.05","1.02","","","0.8","","","0.7","","0.68","","0.79","","1.17","","1.31","","1.3","","1.32","","0.95","","0.9","","0.78","","","","","",
"Asia oriental y el Pacífico (BIRF y la AIF)","TEA","Precio de la gasolina para el usuario (US$ por litro)","EP.PMP.SGAS.CD","","","","","","","","","","","","","","","","","","","","","","","","","","","","","","","","","","","","","","","0.305","","","","","","0.54","","0.73","","0.92","","1.11","","1.31","","1.17","","0.84","","","","","",
"Europa y Asia central (BIRF y la AIF)","TEC","Precio de la gasolina para el usuario (US$ por litro)","EP.PMP.SGAS.CD","","","","","","","","","","","","","","","","","","","","","","","","","","","","","","","","","","","","0.555","","","0.51","","0.55","","0.57","","0.825","","1.005","","1.13","","1.21","","1.45","","1.32","","1.03","","","","","",
"Togo","TGO","Precio de la gasolina para el usuario (US$ por litro)","EP.PMP.SGAS.CD","","","","","","","","","","","","","","","","","","","","","","","","","","","","","","","","0.81","0.72","","","0.47","","","0.42","","0.48","","0.56","","0.85","","1.03","","0.89","","1.18","","1.16","","1.25","","0.71","","","","","",
"Tailandia","THA","Precio de la gasolina para el usuario (US$ por litro)","EP.PMP.SGAS.CD","","","","","","","","","","","","","","","","","","","","","","","","","","","","","","","","0.36","","","","0.34","","","0.3","","0.39","","0.36","","0.54","","0.7","","0.87","","1.41","","1.56","","1.29","","0.71","","","","","",
"Tayikistán","TJK","Precio de la gasolina para el usuario (US$ por litro)","EP.PMP.SGAS.CD","","","","","","","","","","","","","","","","","","","","","","","","","","","","","","","","","","","","","","","0.26","","0.45","","0.36","","0.67","","0.8","","1.03","","1.02","","1.45","","1.32","","0.71","","","","","",
"Turkmenistán","TKM","Precio de la gasolina para el usuario (US$ por litro)","EP.PMP.SGAS.CD","","","","","","","","","","","","","","","","","","","","","","","","","","","","","","","","","","","","","","","0.09","","0.02","","0.02","","0.02","","0.02","","0.22","","0.22","","0.22","","0.22","","0.29","","","","","",
"América Latina y el Caribe (BIRF y la AIF)","TLA","Precio de la gasolina para el usuario (US$ por litro)","EP.PMP.SGAS.CD","","","","","","","","","","","","","","","","","","","","","","","","","","","","","","","","","","","","0.4","","","0.47","","0.62","","0.54","","0.685","","0.89","","0.865","","1.03","","1.27","","1.19","","0.945","","","","","",
"Timor-Leste","TLS","Precio de la gasolina para el usuario (US$ por litro)","EP.PMP.SGAS.CD","","","","","","","","","","","","","","","","","","","","","","","","","","","","","","","","","","","","","","","","","","","","","0.65","","0.98","","1.22","","1.4","","1.65","","1.17","","1.1","","","","","",
"Oriente Medio y Norte de África (BIRF y la AIF)","TMN","Precio de la gasolina para el usuario (US$ por litro)","EP.PMP.SGAS.CD","","","","","","","","","","","","","","","","","","","","","","","","","","","","","","","","","","","","","","","0.33","","0.355","","0.255","","0.39","","0.46","","0.55","","0.86","","0.79","","0.88","","0.73","","","","","",
"Tonga","TON","Precio de la gasolina para el usuario (US$ por litro)","EP.PMP.SGAS.CD","","","","","","","","","","","","","","","","","","","","","","","","","","","","","","","","","","","","","","","","","","","","","","","","","","","","","","","","","","","","","","",
"Asia meridional (BIRF y la AIF)","TSA","Precio de la gasolina para el usuario (US$ por litro)","EP.PMP.SGAS.CD","","","","","","","","","","","","","","","","","","","","","","","","","","","","","","","","","","","","0.48","","","0.575","","0.59","","0.53","","0.72","","0.91","","1.09","","1.12","","1.22","","1.185","","0.91","","","","","",
"África al sur del Sahara (BIRF y la AIF)","TSS","Precio de la gasolina para el usuario (US$ por litro)","EP.PMP.SGAS.CD","","","","","","","","","","","","","","","","","","","","","","","","","","","","","","","","0.68","0.62","","","0.56","","","0.59","","0.615","","0.66","","0.88","","1.035","","1.14","","1.245","","1.355","","1.32","","0.95","","","","","",
"Trinidad y Tobago","TTO","Precio de la gasolina para el usuario (US$ por litro)","EP.PMP.SGAS.CD","","","","","","","","","","","","","","","","","","","","","","","","","","","","","","","","","","","","","","","0.39","","0.39","","0.4","","0.35","","0.43","","0.36","","","","","","","","0.54","","","","","",
"Túnez","TUN","Precio de la gasolina para el usuario (US$ por litro)","EP.PMP.SGAS.CD","","","","","","","","","","","","","","","","","","","","","","","","","","","","","","","","0.58","0.52","","","0.64","","","0.6","","0.49","","0.29","","0.68","","0.83","","0.96","","0.94","","0.93","","0.91","","0.73","","","","","",
"Turquía","TUR","Precio de la gasolina para el usuario (US$ por litro)","EP.PMP.SGAS.CD","","","","","","","","","","","","","","","","","","","","","","","","","","","","","","","","","","","","0.56","","","0.78","","0.88","","1.02","","1.44","","1.88","","1.87","","2.52","","2.54","","2.06","","1.42","","","","","",
"Tuvalu","TUV","Precio de la gasolina para el usuario (US$ por litro)","EP.PMP.SGAS.CD","","","","","","","","","","","","","","","","","","","","","","","","","","","","","","","","","","","","","","","","","","","","","","","","","","","","","","","","","","","","","","",
"Tanzanía","TZA","Precio de la gasolina para el usuario (US$ por litro)","EP.PMP.SGAS.CD","","","","","","","","","","","","","","","","","","","","","","","","","","","","","","","","0.42","0.43","","","0.56","","","0.63","","0.75","","0.67","","0.93","","1.04","","1.11","","1.22","","1.31","","1.29","","0.87","","","","","",
"Uganda","UGA","Precio de la gasolina para el usuario (US$ por litro)","EP.PMP.SGAS.CD","","","","","","","","","","","","","","","","","","","","","","","","","","","","","","","","0.69","0.79","","","0.98","","","0.86","","0.86","","0.83","","1.02","","1.17","","1.3","","1.42","","","","1.4","","0.94","","","","","",
"Ucrania","UKR","Precio de la gasolina para el usuario (US$ por litro)","EP.PMP.SGAS.CD","","","","","","","","","","","","","","","","","","","","","","","","","","","","","","","","","","","","","","","0.49","","0.37","","0.47","","0.55","","0.81","","0.88","","1.01","","1.35","","1.17","","0.83","","","","","",
"Ingreso mediano alto","UMC","Precio de la gasolina para el usuario (US$ por litro)","EP.PMP.SGAS.CD","","","","","","","","","","","","","","","","","","","","","","","","","","","","","","","","","","","","","","","0.46","","0.545","","0.52","","0.72","","0.88","","1.04","","1.13","","1.395","","1.29","","0.92","","","","","",
"Uruguay","URY","Precio de la gasolina para el usuario (US$ por litro)","EP.PMP.SGAS.CD","","","","","","","","","","","","","","","","","","","","","","","","","","","","","","","","","","","","0.89","","","0.9","","1.19","","0.46","","1.13","","1.23","","1.18","","1.49","","1.97","","1.8","","1.5","","","","","",
"Estados Unidos","USA","Precio de la gasolina para el usuario (US$ por litro)","EP.PMP.SGAS.CD","","","","","","","","","","","","","","","","","","","","","","","","","","","","","","","","","0.32","","","0.34","","","0.32","","0.47","","0.4","","0.54","","0.63","","0.56","","0.76","","0.97","","0.76","","0.71","","","","","",
"Uzbekistán","UZB","Precio de la gasolina para el usuario (US$ por litro)","EP.PMP.SGAS.CD","","","","","","","","","","","","","","","","","","","","","","","","","","","","","","","","","","","","0.32","","","0.11","","0.14","","0.38","","0.35","","0.85","","1.35","","0.92","","1.02","","1.02","","1.03","","","","","",
"San Vicente y las Granadinas","VCT","Precio de la gasolina para el usuario (US$ por litro)","EP.PMP.SGAS.CD","","","","","","","","","","","","","","","","","","","","","","","","","","","","","","","","","","","","","","","","","","","","","","","","","","","","","","","","","","","","","","",
"Venezuela","VEN","Precio de la gasolina para el usuario (US$ por litro)","EP.PMP.SGAS.CD","","","","","","","","","","","","","","","","","","","","","","","","","","","","","","","","","","","","0.03","","","0.14","","0.12","","0.05","","0.04","","0.03","","0.02","","0.023","","0.023","","0.015","","8E-05","","","","","",
"Islas Vírgenes Británicas","VGB","Precio de la gasolina para el usuario (US$ por litro)","EP.PMP.SGAS.CD","","","","","","","","","","","","","","","","","","","","","","","","","","","","","","","","","","","","","","","","","","","","","","","","","","","","","","","","","","","","","","",
"Islas Vírgenes (EE.UU.)","VIR","Precio de la gasolina para el usuario (US$ por litro)","EP.PMP.SGAS.CD","","","","","","","","","","","","","","","","","","","","","","","","","","","","","","","","","","","","","","","","","","","","","","","","","","","","","","","","","","","","","","",
"Viet Nam","VNM","Precio de la gasolina para el usuario (US$ por litro)","EP.PMP.SGAS.CD","","","","","","","","","","","","","","","","","","","","","","","","","","","","","","","","","","","","0.34","","","0.35","","0.38","","0.34","","0.48","","0.67","","0.8","","0.88","","1.15","","1.04","","0.8","","","","","",
"Vanuatu","VUT","Precio de la gasolina para el usuario (US$ por litro)","EP.PMP.SGAS.CD","","","","","","","","","","","","","","","","","","","","","","","","","","","","","","","","","","","","","","","","","","","","","","","","","","","","","","","","","1.31","","","","","",
"Mundo","WLD","Precio de la gasolina para el usuario (US$ por litro)","EP.PMP.SGAS.CD","","","","","","","","","","","","","","","","","","","","","","","","","","","","","","","","","","","","","","","0.54","","0.6","","0.58","","0.805","","0.98","","1.11","","1.22","","1.41","","1.34","","0.97","","","","","",
"Samoa","WSM","Precio de la gasolina para el usuario (US$ por litro)","EP.PMP.SGAS.CD","","","","","","","","","","","","","","","","","","","","","","","","","","","","","","","","","","","","","","","","","","","","","","","","","","","1.03","","","","","","0.91","","","","","",
"Kosovo","XKX","Precio de la gasolina para el usuario (US$ por litro)","EP.PMP.SGAS.CD","","","","","","","","","","","","","","","","","","","","","","","","","","","","","","","","","","","","0.76","","","0.61","","0.56","","0.74","","1.16","","1.22","","1.1","","1.63","","1.65","","1.54","","1.11","","","","","",
"Yemen, Rep. del","YEM","Precio de la gasolina para el usuario (US$ por litro)","EP.PMP.SGAS.CD","","","","","","","","","","","","","","","","","","","","","","","","","","","","","","","","","","","","","","","0.26","","0.21","","0.21","","0.19","","0.3","","0.3","","0.35","","0.58","","0.7","","0.92","","","","","",
"Sudáfrica","ZAF","Precio de la gasolina para el usuario (US$ por litro)","EP.PMP.SGAS.CD","","","","","","","","","","","","","","","","","","","","","","","","","","","","","","","","","0.52","","","0.51","","","0.43","","0.5","","0.43","","0.81","","0.85","","0.87","","1.19","","1.38","","1.19","","0.92","","","","","",
"Zambia","ZMB","Precio de la gasolina para el usuario (US$ por litro)","EP.PMP.SGAS.CD","","","","","","","","","","","","","","","","","","","","","","","","","","","","","","","","0.4","0.72","","","0.6","","","0.53","","","","0.72","","1.1","","1.31","","1.7","","1.66","","1.48","","1.68","","1.4","","","","","",
"Zimbabwe","ZWE","Precio de la gasolina para el usuario (US$ por litro)","EP.PMP.SGAS.CD","","","","","","","","","","","","","","","","","","","","","","","","","","","","","","","","0.68","0.47","","","0.38","","","0.26","","0.85","","0.05","","0.61","","","","1.3","","1.29","","1.52","","1.56","","1.34","","","","","",
